Lambert Airport Terminal # 1,Lambert Airport Terminal # 2,North Hanley Station,UMSL North Station,UMSL South Station,Rock Road Station,Wellston Station,Delmar Loop Station,ShrewsburyLansdowne I44 Station,Sunnen Station,MaplewoodManchester Station,Brentwood I64 Station,Richmond Heights Station,Clayton Station,Forsyth Station,University CityBig Bend Station,Skinker Station,Forest ParkDeBaliviere Station,Central West End Station,Cortex Station,Grand Station,Union Station,Civic Center Station,Stadium Station,8th & Pine Station,Convention Center Station,Laclede's Landing Station,East Riverfront Station,5th & Missouri Station,Emerson Park Station,JJK Center Station,Washington Park Station,Fairview Heights Station,Memorial Hospital Station,Swansea Station,Belleville Station,College Station,ShilohScott Station
,,,,,,,,,,,,,,,,,,,,,,,,,,,,,,,4:16AR,4:22AR,4:27AR,4:32AR,4:35AR,4:41AR,4:47AR
,,,,,,,,,,,,,,,,,,,,,,,,,,,,,,,4:42AR,4:47AR,4:51AR,4:55AR,4:57AR,5:02AR,5:07AR
,,,,,,,,,,,,,,,,,,,,,,,,,,,,,,,5:02AR,5:07AR,5:11AR,5:15AR,5:17AR,5:22AR,5:27AR
,,,,,,,,,,,,,,,,,,,,,,,,,,,,,,,5:22AR,5:27AR,5:31AR,5:35AR,5:37AR,5:42AR,5:47AR
,,,,,,,,,,,,,,,,,,,,,,,,,,,,,,,5:40AR,5:45AR,5:49AR,5:53AR,5:55AR,6:00AR,6:05AR
4:56AR,4:58AR,5:03AR,5:05AR,5:07AR,5:09AR,5:11AR,5:13AR,,,,,,,,,,5:15AR,5:18AR,5:20AR,5:22AR,5:26AR,5:27AR,5:29AR,5:30AR,5:32AR,5:33AR,5:34AR,5:37AR,5:40AR,5:42AR,5:45AR,5:50AR,5:54AR,5:58AR,6:00AR,6:05AR,6:10AR
,,,,,,,,5:08AB,5:11AB,5:12AB,5:14AB,5:16AB,5:18AB,5:19AB,5:21AB,5:23AB,5:25AB,5:28AB,5:30AB,5:32AB,5:36AB,5:37AB,5:39AB,5:40AB,5:42AB,5:43AB,5:44AB,5:47AB,5:50AB,5:52AB,5:55AB,6:00AB,,,,,
5:16AR,5:18AR,5:23AR,5:25AR,5:27AR,5:29AR,5:31AR,5:33AR,,,,,,,,,,5:35AR,5:38AR,5:40AR,5:42AR,5:46AR,5:47AR,5:49AR,5:50AR,5:52AR,5:53AR,5:54AR,5:57AR,6:00AR,6:02AR,6:05AR,6:10AR,6:14AR,6:18AR,6:20AR,6:25AR,6:30AR
,,,,,,,,5:28AB,5:31AB,5:32AB,5:34AB,5:36AB,5:38AB,5:39AB,5:41AB,5:43AB,5:45AB,5:48AB,5:50AB,5:52AB,5:56AB,5:57AB,5:59AB,6:00AB,6:02AB,6:03AB,6:04AB,6:07AB,6:10AB,6:12AB,6:15AB,6:20AB,,,,,
5:36AR,5:38AR,5:43AR,5:45AR,5:47AR,5:49AR,5:51AR,5:53AR,,,,,,,,,,5:55AR,5:58AR,6:00AR,6:02AR,6:06AR,6:07AR,6:09AR,6:10AR,6:12AR,6:13AR,6:14AR,6:17AR,6:20AR,6:22AR,6:25AR,6:30AR,6:34AR,6:38AR,6:40AR,6:45AR,6:50AR
,,,,,,,,5:48AB,5:51AB,5:52AB,5:54AB,5:56AB,5:58AB,5:59AB,6:01AB,6:03AB,6:05AB,6:08AB,6:10AB,6:12AB,6:16AB,6:17AB,6:19AB,6:20AB,6:22AB,6:23AB,6:24AB,6:27AB,6:30AB,6:32AB,6:35AB,6:40AB,,,,,
5:56AR,5:58AR,6:03AR,6:05AR,6:07AR,6:09AR,6:11AR,6:13AR,,,,,,,,,,6:15AR,6:18AR,6:20AR,6:22AR,6:26AR,6:27AR,6:29AR,6:30AR,6:32AR,6:33AR,6:34AR,6:37AR,6:40AR,6:42AR,6:45AR,6:50AR,6:54AR,6:58AR,7:00AR,7:05AR,7:10AR
,,,,,,,,6:08AB,6:11AB,6:12AB,6:14AB,6:16AB,6:18AB,6:19AB,6:21AB,6:23AB,6:25AB,6:28AB,6:30AB,6:32AB,6:36AB,6:37AB,6:39AB,6:40AB,6:42AB,6:43AB,6:44AB,6:47AB,6:50AB,6:52AB,6:55AB,7:00AB,,,,,
6:16AR,6:18AR,6:23AR,6:25AR,6:27AR,6:29AR,6:31AR,6:33AR,,,,,,,,,,6:35AR,6:38AR,6:40AR,6:42AR,6:46AR,6:47AR,6:49AR,6:50AR,6:52AR,6:53AR,6:54AR,6:57AR,7:00AR,7:02AR,7:05AR,7:10AR,7:14AR,7:18AR,7:20AR,7:25AR,7:30AR
,,,,,,,,6:28AB,6:31AB,6:32AB,6:34AB,6:36AB,6:38AB,6:39AB,6:41AB,6:43AB,6:45AB,6:48AB,6:50AB,6:52AB,6:56AB,6:57AB,6:59AB,7:00AB,7:02AB,7:03AB,7:04AB,7:07AB,7:10AB,7:12AB,7:15AB,7:20AB,,,,,
6:36AR,6:38AR,6:43AR,6:45AR,6:47AR,6:49AR,6:51AR,6:53AR,,,,,,,,,,6:55AR,6:58AR,7:00AR,7:02AR,7:06AR,7:07AR,7:09AR,7:10AR,7:12AR,7:13AR,7:14AR,7:17AR,7:20AR,7:22AR,7:25AR,7:30AR,7:34AR,7:38AR,7:40AR,7:45AR,7:50AR
,,,,,,,,6:48AB,6:51AB,6:52AB,6:54AB,6:56AB,6:58AB,6:59AB,7:01AB,7:03AB,7:05AB,7:08AB,7:10AB,7:12AB,7:16AB,7:17AB,7:19AB,7:20AB,7:22AB,7:23AB,7:24AB,7:27AB,7:30AB,7:32AB,7:35AB,7:40AB,,,,,
6:56AR,6:58AR,7:03AR,7:05AR,7:07AR,7:09AR,7:11AR,7:13AR,,,,,,,,,,7:15AR,7:18AR,7:20AR,7:22AR,7:26AR,7:27AR,7:29AR,7:30AR,7:32AR,7:33AR,7:34AR,7:37AR,7:40AR,7:42AR,7:45AR,7:50AR,7:54AR,7:58AR,8:00AR,8:05AR,8:10AR
,,,,,,,,7:08AB,7:11AB,7:12AB,7:14AB,7:16AB,7:18AB,7:19AB,7:21AB,7:23AB,7:25AB,7:28AB,7:30AB,7:32AB,7:36AB,7:37AB,7:39AB,7:40AB,7:42AB,7:43AB,7:44AB,7:47AB,7:50AB,7:52AB,7:55AB,8:00AB,,,,,
7:16AR,7:18AR,7:23AR,7:25AR,7:27AR,7:29AR,7:31AR,7:33AR,,,,,,,,,,7:35AR,7:38AR,7:40AR,7:42AR,7:46AR,7:47AR,7:49AR,7:50AR,7:52AR,7:53AR,7:54AR,7:57AR,8:00AR,8:02AR,8:05AR,8:10AR,8:14AR,8:18AR,8:20AR,8:25AR,8:30AR
,,,,,,,,7:28AB,7:31AB,7:32AB,7:34AB,7:36AB,7:38AB,7:39AB,7:41AB,7:43AB,7:45AB,7:48AB,7:50AB,7:52AB,7:56AB,7:57AB,7:59AB,8:00AB,8:02AB,8:03AB,8:04AB,8:07AB,8:10AB,8:12AB,8:15AB,8:20AB,,,,,
7:36AR,7:38AR,7:43AR,7:45AR,7:47AR,7:49AR,7:51AR,7:53AR,,,,,,,,,,7:55AR,7:58AR,8:00AR,8:02AR,8:06AR,8:07AR,8:09AR,8:10AR,8:12AR,8:13AR,8:14AR,8:17AR,8:20AR,8:22AR,8:25AR,8:30AR,8:34AR,8:38AR,8:40AR,8:45AR,8:50AR
,,,,,,,,7:48AB,7:51AB,7:52AB,7:54AB,7:56AB,7:58AB,7:59AB,8:01AB,8:03AB,8:05AB,8:08AB,8:10AB,8:12AB,8:16AB,8:17AB,8:19AB,8:20AB,8:22AB,8:23AB,8:24AB,8:27AB,8:30AB,8:32AB,8:35AB,8:40AB,,,,,
7:56AR,7:58AR,8:03AR,8:05AR,8:07AR,8:09AR,8:11AR,8:13AR,,,,,,,,,,8:15AR,8:18AR,8:20AR,8:22AR,8:26AR,8:27AR,8:29AR,8:30AR,8:32AR,8:33AR,8:34AR,8:37AR,8:40AR,8:42AR,8:45AR,8:50AR,8:54AR,8:58AR,9:00AR,9:05AR,9:10AR
,,,,,,,,8:08AB,8:11AB,8:12AB,8:14AB,8:16AB,8:18AB,8:19AB,8:21AB,8:23AB,8:25AB,8:28AB,8:30AB,8:32AB,8:36AB,8:37AB,8:39AB,8:40AB,8:42AB,8:43AB,8:44AB,8:47AB,8:50AB,8:52AB,8:55AB,9:00AB,,,,,
8:16AR,8:18AR,8:23AR,8:25AR,8:27AR,8:29AR,8:31AR,8:33AR,,,,,,,,,,8:35AR,8:38AR,8:40AR,8:42AR,8:46AR,8:47AR,8:49AR,8:50AR,8:52AR,8:53AR,8:54AR,8:57AR,9:00AR,9:02AR,9:05AR,9:10AR,9:14AR,9:18AR,9:20AR,9:25AR,9:30AR
,,,,,,,,8:28AB,8:31AB,8:32AB,8:34AB,8:36AB,8:38AB,8:39AB,8:41AB,8:43AB,8:45AB,8:48AB,8:50AB,8:52AB,8:56AB,8:57AB,8:59AB,9:00AB,9:02AB,9:03AB,9:04AB,9:07AB,9:10AB,9:12AB,9:15AB,9:20AB,,,,,
8:36AR,8:38AR,8:43AR,8:45AR,8:47AR,8:49AR,8:51AR,8:53AR,,,,,,,,,,8:55AR,8:58AR,9:00AR,9:02AR,9:06AR,9:07AR,9:09AR,9:10AR,9:12AR,9:13AR,9:14AR,9:17AR,9:20AR,9:22AR,9:25AR,9:30AR,9:34AR,9:38AR,9:40AR,9:45AR,9:50AR
,,,,,,,,8:48AB,8:51AB,8:52AB,8:54AB,8:56AB,8:58AB,8:59AB,9:01AB,9:03AB,9:05AB,9:08AB,9:10AB,9:12AB,9:16AB,9:17AB,9:19AB,9:20AB,9:22AB,9:23AB,9:24AB,9:27AB,9:30AB,9:32AB,9:35AB,9:40AB,,,,,
8:56AR,8:58AR,9:03AR,9:05AR,9:07AR,9:09AR,9:11AR,9:13AR,,,,,,,,,,9:15AR,9:18AR,9:20AR,9:22AR,9:26AR,9:27AR,9:29AR,9:30AR,9:32AR,9:33AR,9:34AR,9:37AR,9:40AR,9:42AR,9:45AR,9:50AR,9:54AR,9:58AR,10:00AR,10:05AR,10:10AR
,,,,,,,,9:08AB,9:11AB,9:12AB,9:14AB,9:16AB,9:18AB,9:19AB,9:21AB,9:23AB,9:25AB,9:28AB,9:30AB,9:32AB,9:36AB,9:37AB,9:39AB,9:40AB,9:42AB,9:43AB,9:44AB,9:47AB,9:50AB,9:52AB,9:55AB,10:00AB,,,,,
9:16AR,9:18AR,9:23AR,9:25AR,9:27AR,9:29AR,9:31AR,9:33AR,,,,,,,,,,9:35AR,9:38AR,9:40AR,9:42AR,9:46AR,9:47AR,9:49AR,9:50AR,9:52AR,9:53AR,9:54AR,9:57AR,10:00AR,10:02AR,10:05AR,10:10AR,10:14AR,10:18AR,10:20AR,10:25AR,10:30AR
,,,,,,,,9:28AB,9:31AB,9:32AB,9:34AB,9:36AB,9:38AB,9:39AB,9:41AB,9:43AB,9:45AB,9:48AB,9:50AB,9:52AB,9:56AB,9:57AB,9:59AB,10:00AB,10:02AB,10:03AB,10:04AB,10:07AB,10:10AB,10:12AB,10:15AB,10:20AB,,,,,
9:36AR,9:38AR,9:43AR,9:45AR,9:47AR,9:49AR,9:51AR,9:53AR,,,,,,,,,,9:55AR,9:58AR,10:00AR,10:02AR,10:06AR,10:07AR,10:09AR,10:10AR,10:12AR,10:13AR,10:14AR,10:17AR,10:20AR,10:22AR,10:25AR,10:30AR,10:34AR,10:38AR,10:40AR,10:45AR,10:50AR
,,,,,,,,9:48AB,9:51AB,9:52AB,9:54AB,9:56AB,9:58AB,9:59AB,10:01AB,10:03AB,10:05AB,10:08AB,10:10AB,10:12AB,10:16AB,10:17AB,10:19AB,10:20AB,10:22AB,10:23AB,10:24AB,10:27AB,10:30AB,10:32AB,10:35AB,10:40AB,,,,,
9:56AR,9:58AR,10:03AR,10:05AR,10:07AR,10:09AR,10:11AR,10:13AR,,,,,,,,,,10:15AR,10:18AR,10:20AR,10:22AR,10:26AR,10:27AR,10:29AR,10:30AR,10:32AR,10:33AR,10:34AR,10:37AR,10:40AR,10:42AR,10:45AR,10:50AR,10:54AR,10:58AR,11:00AR,11:05AR,11:10AR
,,,,,,,,10:08AB,10:11AB,10:12AB,10:14AB,10:16AB,10:18AB,10:19AB,10:21AB,10:23AB,10:25AB,10:28AB,10:30AB,10:32AB,10:36AB,10:37AB,10:39AB,10:40AB,10:42AB,10:43AB,10:44AB,10:47AB,10:50AB,10:52AB,10:55AB,11:00AB,,,,,
10:16AR,10:18AR,10:23AR,10:25AR,10:27AR,10:29AR,10:31AR,10:33AR,,,,,,,,,,10:35AR,10:38AR,10:40AR,10:42AR,10:46AR,10:47AR,10:49AR,10:50AR,10:52AR,10:53AR,10:54AR,10:57AR,11:00AR,11:02AR,11:05AR,11:10AR,11:14AR,11:18AR,11:20AR,11:25AR,11:30AR
,,,,,,,,10:28AB,10:31AB,10:32AB,10:34AB,10:36AB,10:38AB,10:39AB,10:41AB,10:43AB,10:45AB,10:48AB,10:50AB,10:52AB,10:56AB,10:57AB,10:59AB,11:00AB,11:02AB,11:03AB,11:04AB,11:07AB,11:10AB,11:12AB,11:15AB,11:20AB,,,,,
10:36AR,10:38AR,10:43AR,10:45AR,10:47AR,10:49AR,10:51AR,10:53AR,,,,,,,,,,10:55AR,10:58AR,11:00AR,11:02AR,11:06AR,11:07AR,11:09AR,11:10AR,11:12AR,11:13AR,11:14AR,11:17AR,11:20AR,11:22AR,11:25AR,11:30AR,11:34AR,11:38AR,11:40AR,11:45AR,11:50AR
,,,,,,,,10:48AB,10:51AB,10:52AB,10:54AB,10:56AB,10:58AB,10:59AB,11:01AB,11:03AB,11:05AB,11:08AB,11:10AB,11:12AB,11:16AB,11:17AB,11:19AB,11:20AB,11:22AB,11:23AB,11:24AB,11:27AB,11:30AB,11:32AB,11:35AB,11:40AB,,,,,
10:56AR,10:58AR,11:03AR,11:05AR,11:07AR,11:09AR,11:11AR,11:13AR,,,,,,,,,,11:15AR,11:18AR,11:20AR,11:22AR,11:26AR,11:27AR,11:29AR,11:30AR,11:32AR,11:33AR,11:34AR,11:37AR,11:40AR,11:42AR,11:45AR,11:50AR,11:54AR,11:58AR,12:00PR,12:05PR,12:10PR
,,,,,,,,11:08AB,11:11AB,11:12AB,11:14AB,11:16AB,11:18AB,11:19AB,11:21AB,11:23AB,11:25AB,11:28AB,11:30AB,11:32AB,11:36AB,11:37AB,11:39AB,11:40AB,11:42AB,11:43AB,11:44AB,11:47AB,11:50AB,11:52AB,11:55AB,12:00PB,,,,,
11:16AR,11:18AR,11:23AR,11:25AR,11:27AR,11:29AR,11:31AR,11:33AR,,,,,,,,,,11:35AR,11:38AR,11:40AR,11:42AR,11:46AR,11:47AR,11:49AR,11:50AR,11:52AR,11:53AR,11:54AR,11:57AR,12:00PR,12:02PR,12:05PR,12:10PR,12:14PR,12:18PR,12:20PR,12:25PR,12:30PR
,,,,,,,,11:28AB,11:31AB,11:32AB,11:34AB,11:36AB,11:38AB,11:39AB,11:41AB,11:43AB,11:45AB,11:48AB,11:50AB,11:52AB,11:56AB,11:57AB,11:59AB,12:00PB,12:02PB,12:03PB,12:04PB,12:07PB,12:10PB,12:12PB,12:15PB,12:20PB,,,,,
11:36AR,11:38AR,11:43AR,11:45AR,11:47AR,11:49AR,11:51AR,11:53AR,,,,,,,,,,11:55AR,11:58AR,12:00PR,12:02PR,12:06PR,12:07PR,12:09PR,12:10PR,12:12PR,12:13PR,12:14PR,12:17PR,12:20PR,12:22PR,12:25PR,12:30PR,12:34PR,12:38PR,12:40PR,12:45PR,12:50PR
,,,,,,,,11:48AB,11:51AB,11:52AB,11:54AB,11:56AB,11:58AB,11:59AB,12:01PB,12:03PB,12:05PB,12:08PB,12:10PB,12:12PB,12:16PB,12:17PB,12:19PB,12:20PB,12:22PB,12:23PB,12:24PB,12:27PB,12:30PB,12:32PB,12:35PB,12:40PB,,,,,
11:56AR,11:58AR,12:03PR,12:05PR,12:07PR,12:09PR,12:11PR,12:13PR,,,,,,,,,,12:15PR,12:18PR,12:20PR,12:22PR,12:26PR,12:27PR,12:29PR,12:30PR,12:32PR,12:33PR,12:34PR,12:37PR,12:40PR,12:42PR,12:45PR,12:50PR,12:54PR,12:58PR,1:00PR,1:05PR,1:10PR
,,,,,,,,12:08PB,12:11PB,12:12PB,12:14PB,12:16PB,12:18PB,12:19PB,12:21PB,12:23PB,12:25PB,12:28PB,12:30PB,12:32PB,12:36PB,12:37PB,12:39PB,12:40PB,12:42PB,12:43PB,12:44PB,12:47PB,12:50PB,12:52PB,12:55PB,1:00PB,,,,,
12:16PR,12:18PR,12:23PR,12:25PR,12:27PR,12:29PR,12:31PR,12:33PR,,,,,,,,,,12:35PR,12:38PR,12:40PR,12:42PR,12:46PR,12:47PR,12:49PR,12:50PR,12:52PR,12:53PR,12:54PR,12:57PR,1:00PR,1:02PR,1:05PR,1:10PR,1:14PR,1:18PR,1:20PR,1:25PR,1:30PR
,,,,,,,,12:28PB,12:31PB,12:32PB,12:34PB,12:36PB,12:38PB,12:39PB,12:41PB,12:43PB,12:45PB,12:48PB,12:50PB,12:52PB,12:56PB,12:57PB,12:59PB,1:00PB,1:02PB,1:03PB,1:04PB,1:07PB,1:10PB,1:12PB,1:15PB,1:20PB,,,,,
12:36PR,12:38PR,12:43PR,12:45PR,12:47PR,12:49PR,12:51PR,12:53PR,,,,,,,,,,12:55PR,12:58PR,1:00PR,1:02PR,1:06PR,1:07PR,1:09PR,1:10PR,1:12PR,1:13PR,1:14PR,1:17PR,1:20PR,1:22PR,1:25PR,1:30PR,1:34PR,1:38PR,1:40PR,1:45PR,1:50PR
,,,,,,,,12:48PB,12:51PB,12:52PB,12:54PB,12:56PB,12:58PB,12:59PB,1:01PB,1:03PB,1:05PB,1:08PB,1:10PB,1:12PB,1:16PB,1:17PB,1:19PB,1:20PB,1:22PB,1:23PB,1:24PB,1:27PB,1:30PB,1:32PB,1:35PB,1:40PB,,,,,
12:56PR,12:58PR,1:03PR,1:05PR,1:07PR,1:09PR,1:11PR,1:13PR,,,,,,,,,,1:15PR,1:18PR,1:20PR,1:22PR,1:26PR,1:27PR,1:29PR,1:30PR,1:32PR,1:33PR,1:34PR,1:37PR,1:40PR,1:42PR,1:45PR,1:50PR,1:54PR,1:58PR,2:00PR,2:05PR,2:10PR
,,,,,,,,1:08PB,1:11PB,1:12PB,1:14PB,1:16PB,1:18PB,1:19PB,1:21PB,1:23PB,1:25PB,1:28PB,1:30PB,1:32PB,1:36PB,1:37PB,1:39PB,1:40PB,1:42PB,1:43PB,1:44PB,1:47PB,1:50PB,1:52PB,1:55PB,2:00PB,,,,,
1:16PR,1:18PR,1:23PR,1:25PR,1:27PR,1:29PR,1:31PR,1:33PR,,,,,,,,,,1:35PR,1:38PR,1:40PR,1:42PR,1:46PR,1:47PR,1:49PR,1:50PR,1:52PR,1:53PR,1:54PR,1:57PR,2:00PR,2:02PR,2:05PR,2:10PR,2:14PR,2:18PR,2:20PR,2:25PR,2:30PR
,,,,,,,,1:28PB,1:31PB,1:32PB,1:34PB,1:36PB,1:38PB,1:39PB,1:41PB,1:43PB,1:45PB,1:48PB,1:50PB,1:52PB,1:56PB,1:57PB,1:59PB,2:00PB,2:02PB,2:03PB,2:04PB,2:07PB,2:10PB,2:12PB,2:15PB,2:20PB,,,,,
1:36PR,1:38PR,1:43PR,1:45PR,1:47PR,1:49PR,1:51PR,1:53PR,,,,,,,,,,1:55PR,1:58PR,2:00PR,2:02PR,2:06PR,2:07PR,2:09PR,2:10PR,2:12PR,2:13PR,2:14PR,2:17PR,2:20PR,2:22PR,2:25PR,2:30PR,2:34PR,2:38PR,2:40PR,2:45PR,2:50PR
,,,,,,,,1:48PB,1:51PB,1:52PB,1:54PB,1:56PB,1:58PB,1:59PB,2:01PB,2:03PB,2:05PB,2:08PB,2:10PB,2:12PB,2:16PB,2:17PB,2:19PB,2:20PB,2:22PB,2:23PB,2:24PB,2:27PB,2:30PB,2:32PB,2:35PB,2:40PB,,,,,
1:56PR,1:58PR,2:03PR,2:05PR,2:07PR,2:09PR,2:11PR,2:13PR,,,,,,,,,,2:15PR,2:18PR,2:20PR,2:22PR,2:26PR,2:27PR,2:29PR,2:30PR,2:32PR,2:33PR,2:34PR,2:37PR,2:40PR,2:42PR,2:45PR,2:50PR,2:54PR,2:58PR,3:00PR,3:05PR,3:10PR
,,,,,,,,2:08PB,2:11PB,2:12PB,2:14PB,2:16PB,2:18PB,2:19PB,2:21PB,2:23PB,2:25PB,2:28PB,2:30PB,2:32PB,2:36PB,2:37PB,2:39PB,2:40PB,2:42PB,2:43PB,2:44PB,2:47PB,2:50PB,2:52PB,2:55PB,3:00PB,,,,,
2:16PR,2:18PR,2:23PR,2:25PR,2:27PR,2:29PR,2:31PR,2:33PR,,,,,,,,,,2:35PR,2:38PR,2:40PR,2:42PR,2:46PR,2:47PR,2:49PR,2:50PR,2:52PR,2:53PR,2:54PR,2:57PR,3:00PR,3:02PR,3:05PR,3:10PR,3:14PR,3:18PR,3:20PR,3:25PR,3:30PR
,,,,,,,,2:28PB,2:31PB,2:32PB,2:34PB,2:36PB,2:38PB,2:39PB,2:41PB,2:43PB,2:45PB,2:48PB,2:50PB,2:52PB,2:56PB,2:57PB,2:59PB,3:00PB,3:02PB,3:03PB,3:04PB,3:07PB,3:10PB,3:12PB,3:15PB,3:20PB,,,,,
2:36PR,2:38PR,2:43PR,2:45PR,2:47PR,2:49PR,2:51PR,2:53PR,,,,,,,,,,2:55PR,2:58PR,3:00PR,3:02PR,3:06PR,3:07PR,3:09PR,3:10PR,3:12PR,3:13PR,3:14PR,3:17PR,3:20PR,3:22PR,3:25PR,3:30PR,3:34PR,3:38PR,3:40PR,3:45PR,3:50PR
,,,,,,,,2:48PB,2:51PB,2:52PB,2:54PB,2:56PB,2:58PB,2:59PB,3:01PB,3:03PB,3:05PB,3:08PB,3:10PB,3:12PB,3:16PB,3:17PB,3:19PB,3:20PB,3:22PB,3:23PB,3:24PB,3:27PB,3:30PB,3:32PB,3:35PB,3:40PB,,,,,
2:56PR,2:58PR,3:03PR,3:05PR,3:07PR,3:09PR,3:11PR,3:13PR,,,,,,,,,,3:15PR,3:18PR,3:20PR,3:22PR,3:26PR,3:27PR,3:29PR,3:30PR,3:32PR,3:33PR,3:34PR,3:37PR,3:40PR,3:42PR,3:45PR,3:50PR,3:54PR,3:58PR,4:00PR,4:05PR,4:10PR
,,,,,,,,3:08PB,3:11PB,3:12PB,3:14PB,3:16PB,3:18PB,3:19PB,3:21PB,3:23PB,3:25PB,3:28PB,3:30PB,3:32PB,3:36PB,3:37PB,3:39PB,3:40PB,3:42PB,3:43PB,3:44PB,3:47PB,3:50PB,3:52PB,3:55PB,4:00PB,,,,,
3:16PR,3:18PR,3:23PR,3:25PR,3:27PR,3:29PR,3:31PR,3:33PR,,,,,,,,,,3:35PR,3:38PR,3:40PR,3:42PR,3:46PR,3:47PR,3:49PR,3:50PR,3:52PR,3:53PR,3:54PR,3:57PR,4:00PR,4:02PR,4:05PR,4:10PR,4:14PR,4:18PR,4:20PR,4:25PR,4:30PR
,,,,,,,,3:28PB,3:31PB,3:32PB,3:34PB,3:36PB,3:38PB,3:39PB,3:41PB,3:43PB,3:45PB,3:48PB,3:50PB,3:52PB,3:56PB,3:57PB,3:59PB,4:00PB,4:02PB,4:03PB,4:04PB,4:07PB,4:10PB,4:12PB,4:15PB,4:20PB,,,,,
3:36PR,3:38PR,3:43PR,3:45PR,3:47PR,3:49PR,3:51PR,3:53PR,,,,,,,,,,3:55PR,3:58PR,4:00PR,4:02PR,4:06PR,4:07PR,4:09PR,4:10PR,4:12PR,4:13PR,4:14PR,4:17PR,4:20PR,4:22PR,4:25PR,4:30PR,4:34PR,4:38PR,4:40PR,4:45PR,4:50PR
,,,,,,,,3:48PB,3:51PB,3:52PB,3:54PB,3:56PB,3:58PB,3:59PB,4:01PB,4:03PB,4:05PB,4:08PB,4:10PB,4:12PB,4:16PB,4:17PB,4:19PB,4:20PB,4:22PB,4:23PB,4:24PB,4:27PB,4:30PB,4:32PB,4:35PB,4:40PB,,,,,
3:56PR,3:58PR,4:03PR,4:05PR,4:07PR,4:09PR,4:11PR,4:13PR,,,,,,,,,,4:15PR,4:18PR,4:20PR,4:22PR,4:26PR,4:27PR,4:29PR,4:30PR,4:32PR,4:33PR,4:34PR,4:37PR,4:40PR,4:42PR,4:45PR,4:50PR,4:54PR,4:58PR,5:00PR,5:05PR,5:10PR
,,,,,,,,4:08PB,4:11PB,4:12PB,4:14PB,4:16PB,4:18PB,4:19PB,4:21PB,4:23PB,4:25PB,4:28PB,4:30PB,4:32PB,4:36PB,4:37PB,4:39PB,4:40PB,4:42PB,4:43PB,4:44PB,4:47PB,4:50PB,4:52PB,4:55PB,5:00PB,,,,,
4:16PR,4:18PR,4:23PR,4:25PR,4:27PR,4:29PR,4:31PR,4:33PR,,,,,,,,,,4:35PR,4:38PR,4:40PR,4:42PR,4:46PR,4:47PR,4:49PR,4:50PR,4:52PR,4:53PR,4:54PR,4:57PR,5:00PR,5:02PR,5:05PR,5:10PR,5:14PR,5:18PR,5:20PR,5:25PR,5:30PR
,,,,,,,,4:28PB,4:31PB,4:32PB,4:34PB,4:36PB,4:38PB,4:39PB,4:41PB,4:43PB,4:45PB,4:48PB,4:50PB,4:52PB,4:56PB,4:57PB,4:59PB,5:00PB,5:02PB,5:03PB,5:04PB,5:07PB,5:10PB,5:12PB,5:15PB,5:20PB,,,,,
4:36PR,4:38PR,4:43PR,4:45PR,4:47PR,4:49PR,4:51PR,4:53PR,,,,,,,,,,4:55PR,4:58PR,5:00PR,5:02PR,5:06PR,5:07PR,5:09PR,5:10PR,5:12PR,5:13PR,5:14PR,5:17PR,5:20PR,5:22PR,5:25PR,5:30PR,5:34PR,5:38PR,5:40PR,5:45PR,5:50PR
,,,,,,,,4:48PB,4:51PB,4:52PB,4:54PB,4:56PB,4:58PB,4:59PB,5:01PB,5:03PB,5:05PB,5:08PB,5:10PB,5:12PB,5:16PB,5:17PB,5:19PB,5:20PB,5:22PB,5:23PB,5:24PB,5:27PB,5:30PB,5:32PB,5:35PB,5:40PB,,,,,
4:56PR,4:58PR,5:03PR,5:05PR,5:07PR,5:09PR,5:11PR,5:13PR,,,,,,,,,,5:15PR,5:18PR,5:20PR,5:22PR,5:26PR,5:27PR,5:29PR,5:30PR,5:32PR,5:33PR,5:34PR,5:37PR,5:40PR,5:42PR,5:45PR,5:50PR,5:54PR,5:58PR,6:00PR,6:05PR,6:10PR
,,,,,,,,5:08PB,5:11PB,5:12PB,5:14PB,5:16PB,5:18PB,5:19PB,5:21PB,5:23PB,5:25PB,5:28PB,5:30PB,5:32PB,5:36PB,5:37PB,5:39PB,5:40PB,5:42PB,5:43PB,5:44PB,5:47PB,5:50PB,5:52PB,5:55PB,6:00PB,,,,,
5:16PR,5:18PR,5:23PR,5:25PR,5:27PR,5:29PR,5:31PR,5:33PR,,,,,,,,,,5:35PR,5:38PR,5:40PR,5:42PR,5:46PR,5:47PR,5:49PR,5:50PR,5:52PR,5:53PR,5:54PR,5:57PR,6:00PR,6:02PR,6:05PR,6:10PR,6:14PR,6:18PR,6:20PR,6:25PR,6:30PR
,,,,,,,,5:28PB,5:31PB,5:32PB,5:34PB,5:36PB,5:38PB,5:39PB,5:41PB,5:43PB,5:45PB,5:48PB,5:50PB,5:52PB,5:56PB,5:57PB,5:59PB,6:00PB,6:02PB,6:03PB,6:04PB,6:07PB,6:10PB,6:12PB,6:15PB,6:20PB,,,,,
5:36PR,5:38PR,5:43PR,5:45PR,5:47PR,5:49PR,5:51PR,5:53PR,,,,,,,,,,5:55PR,5:58PR,6:00PR,6:02PR,6:06PR,6:07PR,6:09PR,6:10PR,6:12PR,6:13PR,6:14PR,6:17PR,6:20PR,6:22PR,6:25PR,6:30PR,6:34PR,6:38PR,6:40PR,6:45PR,6:50PR
,,,,,,,,5:48PB,5:51PB,5:52PB,5:54PB,5:56PB,5:58PB,5:59PB,6:01PB,6:03PB,6:05PB,6:08PB,6:10PB,6:12PB,6:16PB,6:17PB,6:19PB,6:20PB,6:22PB,6:23PB,6:24PB,6:27PB,6:30PB,6:32PB,6:35PB,6:40PB,,,,,
5:56PR,5:58PR,6:03PR,6:05PR,6:07PR,6:09PR,6:11PR,6:13PR,,,,,,,,,,6:15PR,6:18PR,6:20PR,6:22PR,6:26PR,6:27PR,6:29PR,6:30PR,6:32PR,6:33PR,6:34PR,6:37PR,6:40PR,6:42PR,6:45PR,6:50PR,6:54PR,6:58PR,7:00PR,7:05PR,7:10PR
,,,,,,,,6:08PB,6:11PB,6:12PB,6:14PB,6:16PB,6:18PB,6:19PB,6:21PB,6:23PB,6:25PB,6:28PB,6:30PB,6:32PB,6:36PB,6:37PB,6:39PB,6:40PB,6:42PB,6:43PB,6:44PB,6:47PB,6:50PB,6:52PB,6:55PB,7:00PB,,,,,
6:16PR,6:18PR,6:23PR,6:25PR,6:27PR,6:29PR,6:31PR,6:33PR,,,,,,,,,,6:35PR,6:38PR,6:40PR,6:42PR,6:46PR,6:47PR,6:49PR,6:50PR,6:52PR,6:53PR,6:54PR,6:57PR,7:00PR,7:02PR,7:05PR,7:10PR,7:14PR,7:18PR,7:20PR,7:25PR,7:30PR
,,,,,,,,6:28PB,6:31PB,6:32PB,6:34PB,6:36PB,6:38PB,6:39PB,6:41PB,6:43PB,6:45PB,6:48PB,6:50PB,6:52PB,6:56PB,6:57PB,6:59PB,7:00PB,7:02PB,7:03PB,7:04PB,7:07PB,7:10PB,7:12PB,7:15PB,7:20PB,,,,,
6:36PR,6:38PR,6:43PR,6:45PR,6:47PR,6:49PR,6:51PR,6:53PR,,,,,,,,,,6:55PR,6:58PR,7:00PR,7:02PR,7:06PR,7:07PR,7:09PR,7:10PR,7:12PR,7:13PR,7:14PR,7:17PR,7:20PR,7:22PR,7:25PR,7:30PR,7:34PR,7:38PR,7:40PR,7:45PR,7:50PR
,,,,,,,,6:48PB,6:51PB,6:52PB,6:54PB,6:56PB,6:58PB,6:59PB,7:01PB,7:03PB,7:05PB,7:08PB,7:10PB,7:12PB,7:16PB,7:17PB,7:19PB,7:20PB,7:22PB,7:23PB,7:24PB,7:27PB,7:30PB,7:32PB,7:35PB,7:40PB,,,,,
6:56PR,6:58PR,7:03PR,7:05PR,7:07PR,7:09PR,7:11PR,7:13PR,,,,,,,,,,7:15PR,7:18PR,7:20PR,7:22PR,7:26PR,7:27PR,7:29PR,7:30PR,7:32PR,7:33PR,7:34PR,7:37PR,7:40PR,7:42PR,7:45PR,7:50PR,7:54PR,7:58PR,8:00PR,8:05PR,8:10PR
,,,,,,,,7:08PB,7:11PB,7:12PB,7:14PB,7:16PB,7:18PB,7:19PB,7:21PB,7:23PB,7:25PB,7:28PB,7:30PB,7:32PB,7:36PB,7:37PB,7:39PB,7:40PB,7:42PB,7:43PB,7:44PB,7:47PB,7:50PB,7:52PB,7:55PB,8:00PB,,,,,
7:16PR,7:18PR,7:23PR,7:25PR,7:27PR,7:29PR,7:31PR,7:33PR,,,,,,,,,,7:35PR,7:38PR,7:40PR,7:42PR,7:46PR,7:47PR,7:49PR,7:50PR,7:52PR,7:53PR,7:54PR,7:57PR,8:00PR,8:02PR,8:05PR,8:10PR,8:14PR,8:18PR,8:20PR,8:25PR,8:30PR
,,,,,,,,7:28PB,7:31PB,7:32PB,7:34PB,7:36PB,7:38PB,7:39PB,7:41PB,7:43PB,7:45PB,,,,,,,,,,,,,,,,,,,,
7:36PR,7:38PR,7:43PR,7:45PR,7:47PR,7:49PR,7:51PR,7:53PR,,,,,,,,,,7:55PR,7:58PR,8:00PR,8:02PR,8:06PR,8:07PR,8:09PR,8:10PR,8:12PR,8:13PR,8:14PR,8:17PR,8:20PR,8:22PR,8:25PR,8:30PR,8:34PR,8:38PR,8:40PR,8:45PR,8:50PR
,,,,,,,,7:48PB,7:51PB,7:52PB,7:54PB,7:56PB,7:58PB,7:59PB,8:01PB,8:03PB,8:05PB,,,,,,,,,,,,,,,,,,,,
7:56PR,7:58PR,8:03PR,8:05PR,8:07PR,8:09PR,8:11PR,8:13PR,,,,,,,,,,8:15PR,8:18PR,8:20PR,8:22PR,8:26PR,8:27PR,8:29PR,8:30PR,8:32PR,8:33PR,8:34PR,8:37PR,8:40PR,8:42PR,8:45PR,8:50PR,8:54PR,8:58PR,9:00PR,9:05PR,9:10PR
,,,,,,,,8:08PB,8:11PB,8:12PB,8:14PB,8:16PB,8:18PB,8:19PB,8:21PB,8:23PB,8:25PB,,,,,,,,,,,,,,,,,,,,
8:16PR,8:18PR,8:23PR,8:25PR,8:27PR,8:29PR,8:31PR,8:33PR,,,,,,,,,,8:35PR,8:38PR,8:40PR,8:42PR,8:46PR,8:47PR,8:49PR,8:50PR,8:52PR,8:53PR,8:54PR,8:57PR,9:00PR,9:02PR,9:05PR,9:10PR,9:14PR,9:18PR,9:20PR,9:25PR,9:30PR
,,,,,,,,8:28PB,8:31PB,8:32PB,8:34PB,8:36PB,8:38PB,8:39PB,8:41PB,8:43PB,8:45PB,,,,,,,,,,,,,,,,,,,,
8:36PR,8:38PR,8:43PR,8:45PR,8:47PR,8:49PR,8:51PR,8:53PR,,,,,,,,,,8:55PR,8:58PR,9:00PR,9:02PR,9:06PR,9:07PR,9:09PR,9:10PR,9:12PR,9:13PR,9:14PR,9:17PR,9:20PR,9:22PR,9:25PR,9:30PR,9:34PR,9:38PR,9:40PR,9:45PR,9:50PR
,,,,,,,,8:48PB,8:51PB,8:52PB,8:54PB,8:56PB,8:58PB,8:59PB,9:01PB,9:03PB,9:05PB,,,,,,,,,,,,,,,,,,,,
8:56PR,8:58PR,9:03PR,9:05PR,9:07PR,9:09PR,9:11PR,9:13PR,,,,,,,,,,9:15PR,9:18PR,9:20PR,9:22PR,9:26PR,9:27PR,9:29PR,9:30PR,9:32PR,9:33PR,9:34PR,9:37PR,9:40PR,9:42PR,9:45PR,9:50PR,9:54PR,9:58PR,10:00PR,10:05PR,10:10PR
,,,,,,,,9:08PB,9:11PB,9:12PB,9:14PB,9:16PB,9:18PB,9:19PB,9:21PB,9:23PB,9:25PB,,,,,,,,,,,,,,,,,,,,
9:16PR,9:18PR,9:23PR,9:25PR,9:27PR,9:29PR,9:31PR,9:33PR,,,,,,,,,,9:35PR,9:38PR,9:40PR,9:42PR,9:46PR,9:47PR,9:49PR,9:50PR,9:52PR,9:53PR,9:54PR,9:57PR,10:00PR,10:02PR,10:05PR,10:10PR,10:14PR,10:18PR,10:20PR,10:25PR,10:30PR
,,,,,,,,9:28PB,9:31PB,9:32PB,9:34PB,9:36PB,9:38PB,9:39PB,9:41PB,9:43PB,9:45PB,,,,,,,,,,,,,,,,,,,,
9:36PR,9:38PR,9:43PR,9:45PR,9:47PR,9:49PR,9:51PR,9:53PR,,,,,,,,,,9:55PR,9:58PR,10:00PR,10:02PR,10:06PR,10:07PR,10:09PR,10:10PR,10:12PR,10:13PR,10:14PR,10:17PR,10:20PR,10:22PR,10:25PR,10:30PR,10:34PR,10:38PR,10:40PR,10:45PR,10:50PR
,,,,,,,,9:48PB,9:51PB,9:52PB,9:54PB,9:56PB,9:58PB,9:59PB,10:01PB,10:03PB,10:05PB,,,,,,,,,,,,,,,,,,,,
9:56PR,9:58PR,10:03PR,10:05PR,10:07PR,10:09PR,10:11PR,10:13PR,,,,,,,,,,10:15PR,10:18PR,10:20PR,10:22PR,10:26PR,10:27PR,10:29PR,10:30PR,10:32PR,10:33PR,10:34PR,10:37PR,10:40PR,10:42PR,10:45PR,10:50PR,10:54PR,10:58PR,11:00PR,11:05PR,11:10PR
,,,,,,,,10:08PB,10:11PB,10:12PB,10:14PB,10:16PB,10:18PB,10:19PB,10:21PB,10:23PB,10:25PB,,,,,,,,,,,,,,,,,,,,
10:16PR,10:18PR,10:23PR,10:25PR,10:27PR,10:29PR,10:31PR,10:33PR,,,,,,,,,,10:35PR,10:38PR,10:40PR,10:42PR,10:46PR,10:47PR,10:49PR,10:50PR,10:52PR,10:53PR,10:54PR,10:57PR,11:00PR,11:02PR,11:05PR,11:10PR,11:14PR,11:18PR,11:20PR,11:25PR,11:30PR
,,,,,,,,10:28PB,10:31PB,10:32PB,10:34PB,10:36PB,10:38PB,10:39PB,10:41PB,10:43PB,10:45PB,,,,,,,,,,,,,,,,,,,,
10:36PR,10:38PR,10:43PR,10:45PR,10:47PR,10:49PR,10:51PR,10:53PR,,,,,,,,,,10:55PR,10:58PR,11:00PR,11:02PR,11:06PR,11:07PR,11:09PR,11:10PR,11:12PR,11:13PR,11:14PR,11:17PR,11:20PR,11:22PR,11:25PR,11:30PR,11:34PR,11:38PR,11:40PR,11:45PR,11:50PR
,,,,,,,,10:48PB,10:51PB,10:52PB,10:54PB,10:56PB,10:58PB,10:59PB,11:01PB,11:03PB,11:05PB,,,,,,,,,,,,,,,,,,,,
10:56PR,10:58PR,11:03PR,11:05PR,11:07PR,11:09PR,11:11PR,11:13PR,,,,,,,,,,11:15PR,11:18PR,11:20PR,11:22PR,11:26PR,11:27PR,11:29PR,11:30PR,11:32PR,11:33PR,11:34PR,11:37PR,11:40PR,11:42PR,11:45PR,11:50PR,11:54PR,11:58PR,12:00AR,12:05AR,12:10AR
,,,,,,,,11:08PB,11:11PB,11:12PB,11:14PB,11:16PB,11:18PB,11:19PB,11:21PB,11:23PB,11:25PB,,,,,,,,,,,,,,,,,,,,
11:16PR,11:18PR,11:23PR,11:25PR,11:27PR,11:29PR,11:31PR,11:33PR,,,,,,,,,,11:35PR,11:38PR,11:40PR,11:42PR,11:46PR,11:47PR,11:49PR,11:50PR,11:52PR,11:53PR,11:54PR,11:57PR,12:00AR,12:02AR,12:05AR,12:10AR,12:14AR,12:18AR,12:20AR,12:25AR,12:30AR
,,,,,,,,11:28PB,11:31PB,11:32PB,11:34PB,11:36PB,11:38PB,11:39PB,11:41PB,11:43PB,11:45PB,11:48PB,11:50PB,11:52PB,11:56PB,11:57PB,11:59PB,12:00AB,12:02AB,12:03AB,12:04AB,12:07AB,12:10AB,,,,,,,,
11:36PR,11:38PR,11:43PR,11:45PR,11:47PR,11:49PR,11:51PR,11:53PR,,,,,,,,,,11:55PR,11:58PR,12:00AR,12:02AR,12:06AR,12:07AR,12:09AR,12:10AR,12:12AR,12:13AR,12:14AR,12:17AR,12:20AR,12:22AR,12:25AR,12:30AR,,,,,
,,,,,,,,11:48PB,11:51PB,11:52PB,11:54PB,11:56PB,11:58PB,11:59PB,12:01AB,12:03AB,12:05AB,,,,,,,,,,,,,,,,,,,,
11:56PR,11:58PR,12:03AR,12:05AR,12:07AR,12:09AR,12:11AR,12:13AR,,,,,,,,,,12:15AR,12:18AR,12:20AR,12:22AR,12:26AR,12:27AR,12:29AR,12:30AR,12:32AR,12:33AR,12:34AR,12:37AR,12:40AR,12:42AR,12:45AR,12:50AR,,,,,
,,,,,,,,12:08AB,12:11AB,12:12AB,12:14AB,12:16AB,12:18AB,12:19AB,12:21AB,12:23AB,12:25AB,12:28AB,12:30AB,12:32AB,12:36AB,12:37AB,,,,,,,,,,,,,,,
,,,,,,,,12:13AB,12:16AB,12:17AB,12:19AB,12:21AB,12:23AB,12:24AB,12:26AB,12:28AB,12:30AB,12:33AB,12:35AB,12:37AB,12:41AB,12:42AB,,,,,,,,,,,,,,,
12:16AR,12:18AR,12:23AR,12:25AR,12:27AR,12:29AR,12:31AR,12:33AR,,,,,,,,,,12:35AR,12:38AR,12:40AR,12:42AR,12:46AR,12:47AR,,,,,,,,,,,,,,,
,,,,,,,,12:38AB,12:41AB,12:42AB,12:44AB,12:46AB,12:48AB,12:49AB,12:51AB,12:53AB,12:55AB,12:58AB,1:00AB,1:02AB,1:06AB,1:07AB,,,,,,,,,,,,,,,
12:56AR,12:58AR,1:03AR,1:05AR,1:07AR,1:09AR,1:11AR,1:13AR,,,,,,,,,,1:15AR,1:18AR,1:20AR,1:22AR,1:26AR,1:27AR,,,,,,,,,,,,,,,
